{
  "model": "ppo",
  "checkpoint": "checkpoints/ppo_baseline_lambda0.0_seed2/policy_2000.eqx",
  "seed": 9999,
  "trials_per_difficulty": 200,
  "results_by_difficulty": {
    "1": {
      "difficulty": 1,
      "trials": 200,
      "solved": 194,
      "solve_rate": 0.97,
      "mean_steps": 1.355,
      "mean_proof_length": 1.3556701030927836,
      "tactic_failure_rate": 0.02214022140221402
    },
    "2": {
      "difficulty": 2,
      "trials": 200,
      "solved": 178,
      "solve_rate": 0.89,
      "mean_steps": 2.07,
      "mean_proof_length": 2.106741573033708,
      "tactic_failure_rate": 0.05314009661835749
    },
    "3": {
      "difficulty": 3,
      "trials": 200,
      "solved": 164,
      "solve_rate": 0.82,
      "mean_steps": 2.875,
      "mean_proof_length": 3.048780487804878,
      "tactic_failure_rate": 0.06260869565217392
    },
    "4": {
      "difficulty": 4,
      "trials": 200,
      "solved": 144,
      "solve_rate": 0.72,
      "mean_steps": 3.985,
      "mean_proof_length": 4.381944444444445,
      "tactic_failure_rate": 0.07026348808030113
    },
    "5": {
      "difficulty": 5,
      "trials": 200,
      "solved": 143,
      "solve_rate": 0.715,
      "mean_steps": 4.805,
      "mean_proof_length": 5.384615384615385,
      "tactic_failure_rate": 0.05931321540062435
    },
    "6": {
      "difficulty": 6,
      "trials": 200,
      "solved": 118,
      "solve_rate": 0.59,
      "mean_steps": 5.85,
      "mean_proof_length": 6.5423728813559325,
      "tactic_failure_rate": 0.07008547008547009
    },
    "7": {
      "difficulty": 7,
      "trials": 200,
      "solved": 99,
      "solve_rate": 0.495,
      "mean_steps": 6.23,
      "mean_proof_length": 7.343434343434343,
      "tactic_failure_rate": 0.08105939004815409
    },
    "8": {
      "difficulty": 8,
      "trials": 200,
      "solved": 97,
      "solve_rate": 0.485,
      "mean_steps": 7.07,
      "mean_proof_length": 8.525773195876289,
      "tactic_failure_rate": 0.07284299858557285
    }
  }
}